ccam_num,day_num,carcass_age,CORA,TUVU,UNGU,Bird,Great Blue Heron (not scavenging),Deer mouse,Human,Western Fence Lizard,Mule deer (mouth contact),Black phoebe
5,1,2,7832444s (~12.95 weeks),38291950s (~1.21 years),0s,0s,0s,0s,0s,0s,0s,0s
5,1,3,0s,0s,0s,0s,0s,0s,0s,0s,0s,0s
5,2,2,0s,30824s (~8.56 hours),0s,0s,0s,0s,0s,0s,0s,0s
5,3,2,0s,30865s (~8.57 hours),0s,0s,0s,0s,0s,0s,0s,0s
5,4,2,594s (~9.9 minutes),42735s (~11.87 hours),594s (~9.9 minutes),0s,0s,0s,0s,0s,0s,0s
5,5,2,2968s (~49.47 minutes),30865s (~8.57 hours),0s,0s,0s,0s,0s,0s,0s,0s
5,6,2,0s,29091s (~8.08 hours),0s,0s,0s,0s,0s,0s,0s,0s
5,7,3,594s (~9.9 minutes),1781s (~29.68 minutes),0s,0s,0s,0s,0s,0s,0s,0s
5,8,3,0s,3000s (~50 minutes),0s,0s,0s,0s,0s,0s,0s,0s
5,9,3,0s,7124s (~1.98 hours),0s,0s,0s,0s,0s,0s,0s,0s
5,10,3,1187s (~19.78 minutes),27904s (~7.75 hours),0s,0s,0s,0s,0s,0s,0s,0s
5,11,3,0s,14843s (~4.12 hours),0s,0s,0s,0s,0s,0s,0s,0s
5,12,3,0s,7122s (~1.98 hours),0s,0s,0s,0s,0s,0s,0s,0s
5,13,4,0s,11160s (~3.1 hours),0s,0s,0s,0s,0s,0s,0s,0s
5,14,4,0s,23149s (~6.43 hours),0s,0s,0s,0s,0s,0s,0s,0s
5,15,4,0s,16618s (~4.62 hours),0s,0s,0s,0s,0s,0s,0s,0s
5,16,4,594s (~9.9 minutes),17809s (~4.95 hours),0s,0s,0s,0s,0s,0s,0s,0s
5,17,4,0s,14557s (~4.04 hours),0s,0s,0s,0s,0s,0s,0s,0s
5,18,4,0s,10641s (~2.96 hours),0s,0s,0s,0s,0s,0s,0s,0s
5,19,4,0s,5936s (~1.65 hours),0s,0s,0s,0s,0s,0s,0s,0s
5,20,4,0s,6528s (~1.81 hours),0s,593s (~9.88 minutes),0s,0s,0s,0s,0s,0s
5,21,4,0s,14400s (~4 hours),0s,0s,0s,0s,0s,0s,0s,0s
5,22,4,0s,10200s (~2.83 hours),0s,0s,0s,0s,0s,0s,0s,0s
5,23,4,2868s (~47.8 minutes),1434s (~23.9 minutes),0s,0s,0s,0s,0s,0s,0s,0s
5,24,4,0s,6528s (~1.81 hours),0s,593s (~9.88 minutes),0s,0s,0s,0s,0s,0s
5,25,4,0s,3561s (~59.35 minutes),0s,0s,0s,0s,0s,0s,0s,0s
5,26,4,600s (~10 minutes),1200s (~20 minutes),0s,600s (~10 minutes),0s,0s,0s,0s,0s,0s
5,27,4,0s,593s (~9.88 minutes),0s,593s (~9.88 minutes),0s,0s,0s,0s,0s,0s
5,28,4,0s,593s (~9.88 minutes),0s,1187s (~19.78 minutes),0s,0s,0s,0s,0s,0s
5,29,4,0s,0s,0s,0s,0s,0s,0s,0s,0s,0s
5,30,4,0s,0s,0s,1780s (~29.67 minutes),0s,0s,0s,0s,0s,0s
5,31,4,0s,593s (~9.88 minutes),0s,2373s (~39.55 minutes),0s,0s,0s,0s,0s,0s
5,32,4,0s,0s,0s,3560s (~59.33 minutes),0s,0s,0s,0s,0s,0s
5,33,4,0s,733s (~12.22 minutes),0s,2200s (~36.67 minutes),0s,0s,0s,0s,0s,0s
5,34,4,0s,0s,0s,593s (~9.88 minutes),0s,0s,0s,0s,0s,0s
5,35,4,0s,593s (~9.88 minutes),0s,0s,0s,0s,0s,0s,0s,0s
5,36,4,0s,0s,0s,1187s (~19.78 minutes),0s,0s,0s,0s,0s,0s
5,37,4,0s,0s,0s,593s (~9.88 minutes),0s,0s,0s,0s,0s,0s
5,38,4,0s,0s,0s,593s (~9.88 minutes),0s,0s,0s,0s,0s,0s
5,39,4,0s,0s,0s,1186s (~19.77 minutes),0s,0s,0s,0s,0s,0s
5,40,4,0s,0s,0s,593s (~9.88 minutes),0s,0s,0s,0s,0s,0s
5,41,4,0s,0s,0s,0s,0s,0s,0s,0s,0s,0s
5,42,4,0s,0s,0s,0s,0s,0s,0s,0s,0s,0s
5,43,4,0s,0s,0s,0s,0s,0s,0s,0s,0s,0s
5,44,4,0s,0s,0s,593s (~9.88 minutes),0s,0s,0s,0s,0s,0s
5,45,4,0s,1186s (~19.77 minutes),0s,593s (~9.88 minutes),0s,0s,0s,0s,0s,0s
5,46,4,0s,0s,0s,0s,0s,0s,0s,0s,0s,0s
5,47,4,0s,593s (~9.88 minutes),0s,0s,0s,0s,0s,0s,0s,0s
5,48,4,0s,0s,0s,0s,0s,0s,0s,0s,0s,0s
5,49,4,0s,0s,0s,0s,0s,0s,0s,0s,0s,0s
5,50,4,0s,0s,0s,0s,0s,0s,0s,0s,0s,0s
6,1,3,6500s (~1.81 hours),13000s (~3.61 hours),13000s (~3.61 hours),0s,0s,0s,0s,0s,0s,0s
6,2,3,4150s (~1.15 hours),9486s (~2.63 hours),16600s (~4.61 hours),0s,0s,0s,0s,0s,0s,0s
6,3,3,1187s (~19.78 minutes),7123s (~1.98 hours),10091s (~2.8 hours),0s,0s,0s,0s,0s,0s,0s
6,4,3,2968s (~49.47 minutes),4155s (~1.15 hours),7123s (~1.98 hours),0s,0s,0s,0s,0s,0s,0s
6,5,3,3562s (~59.37 minutes),1187s (~19.78 minutes),5936s (~1.65 hours),594s (~9.9 minutes),0s,0s,0s,0s,0s,0s
6,6,3,2375s (~39.58 minutes),10093s (~2.8 hours),20185s (~5.61 hours),0s,0s,0s,0s,0s,0s,0s
6,7,3,0s,4200s (~1.17 hours),9000s (~2.5 hours),0s,0s,0s,0s,0s,0s,0s
6,8,3,0s,3775s (~1.05 hours),5034s (~1.4 hours),0s,0s,0s,0s,0s,0s,0s
6,9,3,613s (~10.22 minutes),1226s (~20.43 minutes),5519s (~1.53 hours),0s,0s,0s,0s,0s,0s,0s
6,10,3,649s (~10.82 minutes),1947s (~32.45 minutes),2595s (~43.25 minutes),0s,0s,0s,0s,0s,0s,0s
6,11,3,1282s (~21.37 minutes),16023s (~4.45 hours),17305s (~4.81 hours),0s,0s,0s,0s,0s,0s,0s
6,12,3,2174s (~36.23 minutes),13769s (~3.82 hours),14494s (~4.03 hours),0s,0s,0s,0s,0s,0s,0s
6,13,3,2293s (~38.22 minutes),1529s (~25.48 minutes),6880s (~1.91 hours),0s,0s,0s,0s,0s,0s,0s
6,14,3,2400s (~40 minutes),6400s (~1.78 hours),12800s (~3.56 hours),0s,0s,0s,0s,0s,0s,0s
6,15,3,1883s (~31.38 minutes),3138s (~52.3 minutes),2510s (~41.83 minutes),0s,0s,0s,0s,0s,0s,0s
6,16,3,0s,1969s (~32.82 minutes),5252s (~1.46 hours),0s,0s,0s,0s,0s,0s,0s
6,17,3,2358s (~39.3 minutes),786s (~13.1 minutes),3930s (~1.09 hours),0s,0s,0s,0s,0s,0s,0s
6,18,3,2123s (~35.38 minutes),13446s (~3.73 hours),6369s (~1.77 hours),0s,0s,0s,0s,0s,0s,0s
6,19,3,5600s (~1.56 hours),9600s (~2.67 hours),800s (~13.33 minutes),0s,0s,0s,0s,0s,0s,0s
6,20,3,11200s (~3.11 hours),3200s (~53.33 minutes),7200s (~2 hours),0s,0s,0s,0s,0s,0s,0s
6,21,3,12690s (~3.52 hours),19034s (~5.29 hours),10786s (~3 hours),0s,0s,0s,0s,0s,0s,0s
6,22,3,9101s (~2.53 hours),4854s (~1.35 hours),5461s (~1.52 hours),0s,0s,0s,0s,0s,0s,0s
6,23,4,13041s (~3.62 hours),621s (~10.35 minutes),3105s (~51.75 minutes),0s,0s,0s,0s,0s,0s,0s
6,24,4,9497s (~2.64 hours),4155s (~1.15 hours),6529s (~1.81 hours),594s (~9.9 minutes),0s,0s,0s,0s,0s,0s
6,25,4,16615s (~4.62 hours),5341s (~1.48 hours),4747s (~1.32 hours),0s,0s,0s,0s,0s,0s,0s
6,26,4,14244s (~3.96 hours),6528s (~1.81 hours),4748s (~1.32 hours),593s (~9.88 minutes),0s,0s,0s,0s,0s,0s
6,27,4,9600s (~2.67 hours),2400s (~40 minutes),10200s (~2.83 hours),0s,0s,0s,0s,0s,0s,0s
6,28,4,2966s (~49.43 minutes),15425s (~4.28 hours),10679s (~2.97 hours),0s,0s,0s,0s,0s,0s,0s
6,29,4,16020s (~4.45 hours),4153s (~1.15 hours),13054s (~3.63 hours),593s (~9.88 minutes),0s,0s,0s,0s,0s,0s
6,30,4,3560s (~59.33 minutes),2373s (~39.55 minutes),4153s (~1.15 hours),3560s (~59.33 minutes),0s,0s,0s,0s,0s,0s
6,31,4,1187s (~19.78 minutes),1187s (~19.78 minutes),5933s (~1.65 hours),593s (~9.88 minutes),0s,0s,0s,0s,0s,0s
6,32,4,1187s (~19.78 minutes),0s,3560s (~59.33 minutes),1187s (~19.78 minutes),0s,0s,0s,0s,0s,0s
6,33,4,1780s (~29.67 minutes),1780s (~29.67 minutes),6528s (~1.81 hours),0s,0s,0s,0s,0s,0s,0s
6,34,4,3406s (~56.77 minutes),5110s (~1.42 hours),6813s (~1.89 hours),1703s (~28.38 minutes),0s,0s,0s,0s,0s,0s
6,35,4,4881s (~1.36 hours),1395s (~23.25 minutes),15341s (~4.26 hours),2092s (~34.87 minutes),0s,0s,0s,0s,0s,0s
6,36,4,6000s (~1.67 hours),9000s (~2.5 hours),4800s (~1.33 hours),3600s (~1 hours),600s (~10 minutes),0s,0s,0s,0s,0s
6,37,4,11950s (~3.32 hours),2516s (~41.93 minutes),6289s (~1.75 hours),629s (~10.48 minutes),0s,0s,0s,0s,0s,0s
6,38,4,7893s (~2.19 hours),4250s (~1.18 hours),4250s (~1.18 hours),1821s (~30.35 minutes),0s,0s,0s,0s,0s,0s
6,39,4,17200s (~4.78 hours),3686s (~1.02 hours),6143s (~1.71 hours),0s,0s,0s,0s,0s,0s,0s
6,40,4,9556s (~2.65 hours),637s (~10.62 minutes),1911s (~31.85 minutes),1274s (~21.23 minutes),0s,0s,0s,0s,0s,0s
6,41,4,11191s (~3.11 hours),0s,11191s (~3.11 hours),0s,0s,0s,0s,0s,0s,0s
6,42,4,5954s (~1.65 hours),0s,1323s (~22.05 minutes),1985s (~33.08 minutes),0s,0s,0s,0s,0s,0s
6,43,4,11854s (~3.29 hours),0s,0s,697s (~11.62 minutes),0s,0s,0s,0s,0s,0s
6,44,4,6217s (~1.73 hours),1865s (~31.08 minutes),622s (~10.37 minutes),0s,0s,0s,0s,0s,0s,0s
6,45,4,2487s (~41.45 minutes),622s (~10.37 minutes),1243s (~20.72 minutes),622s (~10.37 minutes),0s,0s,0s,0s,0s,0s
6,46,4,0s,1260s (~21 minutes),0s,630s (~10.5 minutes),0s,0s,0s,0s,0s,0s
6,47,4,1259s (~20.98 minutes),630s (~10.5 minutes),0s,6926s (~1.92 hours),0s,0s,0s,0s,0s,0s
6,48,4,0s,0s,0s,2100s (~35 minutes),0s,0s,0s,0s,0s,0s
6,49,4,1437s (~23.95 minutes),0s,0s,718s (~11.97 minutes),0s,0s,0s,0s,0s,0s
6,50,4,1569s (~26.15 minutes),0s,0s,3138s (~52.3 minutes),0s,0s,0s,0s,0s,0s
7,1,3,2361s (~39.35 minutes),1181s (~19.68 minutes),2952s (~49.2 minutes),590s (~9.83 minutes),0s,0s,0s,0s,0s,0s
7,2,3,1822s (~30.37 minutes),2429s (~40.48 minutes),3036s (~50.6 minutes),0s,0s,0s,0s,0s,0s,0s
7,3,3,0s,2968s (~49.47 minutes),1781s (~29.68 minutes),594s (~9.9 minutes),0s,0s,0s,0s,0s,0s
7,4,3,0s,1187s (~19.78 minutes),5936s (~1.65 hours),594s (~9.9 minutes),0s,0s,0s,0s,0s,0s
7,5,3,594s (~9.9 minutes),0s,2374s (~39.57 minutes),3561s (~59.35 minutes),0s,0s,0s,0s,0s,0s
7,6,4,4155s (~1.15 hours),594s (~9.9 minutes),4155s (~1.15 hours),2374s (~39.57 minutes),0s,0s,0s,0s,0s,0s
7,7,4,1781s (~29.68 minutes),0s,2968s (~49.47 minutes),0s,0s,0s,0s,0s,0s,0s
8,2,4,0s,0s,0s,0s,0s,0s,0s,0s,0s,0s
8,3,4,0s,0s,0s,593s (~9.88 minutes),0s,0s,0s,0s,0s,0s
8,4,4,0s,0s,0s,0s,0s,0s,0s,0s,0s,0s
8,5,4,1780s (~29.67 minutes),0s,0s,0s,0s,0s,0s,0s,0s,0s
8,6,4,0s,0s,0s,1780s (~29.67 minutes),0s,0s,0s,0s,0s,0s
8,7,4,0s,0s,0s,0s,0s,0s,0s,0s,0s,0s
8,8,4,0s,0s,0s,1187s (~19.78 minutes),0s,0s,0s,0s,0s,0s
8,9,4,0s,0s,0s,593s (~9.88 minutes),0s,0s,0s,0s,0s,0s
8,10,4,0s,0s,0s,593s (~9.88 minutes),0s,0s,0s,0s,0s,0s
8,11,4,0s,0s,0s,3560s (~59.33 minutes),0s,0s,0s,0s,0s,0s
8,12,4,0s,593s (~9.88 minutes),0s,4746s (~1.32 hours),0s,0s,0s,0s,0s,0s
8,13,4,0s,0s,0s,3560s (~59.33 minutes),0s,0s,0s,0s,0s,0s
8,14,4,0s,1780s (~29.67 minutes),0s,593s (~9.88 minutes),0s,0s,0s,0s,0s,0s
8,15,4,0s,0s,0s,593s (~9.88 minutes),0s,0s,0s,0s,0s,0s
8,16,4,0s,0s,0s,4152s (~1.15 hours),0s,0s,0s,0s,0s,0s
8,17,4,0s,0s,0s,1173s (~19.55 minutes),0s,0s,0s,0s,0s,0s
8,18,4,0s,0s,0s,2372s (~39.53 minutes),0s,0s,0s,0s,0s,0s
8,19,4,593s (~9.88 minutes),0s,0s,1186s (~19.77 minutes),0s,0s,0s,0s,0s,0s
8,20,4,0s,0s,0s,4152s (~1.15 hours),0s,0s,0s,0s,0s,0s
8,21,4,0s,0s,0s,1186s (~19.77 minutes),0s,0s,0s,0s,0s,0s
8,22,4,0s,0s,0s,2966s (~49.43 minutes),0s,0s,0s,0s,0s,0s
8,23,4,0s,0s,0s,1186s (~19.77 minutes),0s,0s,0s,0s,0s,0s
8,24,4,0s,0s,0s,593s (~9.88 minutes),0s,0s,0s,0s,0s,0s
8,25,4,0s,0s,0s,2372s (~39.53 minutes),0s,0s,0s,0s,0s,0s
8,26,4,0s,0s,0s,593s (~9.88 minutes),0s,0s,0s,0s,0s,0s
8,27,4,0s,0s,0s,593s (~9.88 minutes),0s,0s,0s,0s,0s,0s
8,28,4,0s,0s,0s,592s (~9.87 minutes),0s,0s,0s,0s,0s,0s
9,2,4,593s (~9.88 minutes),0s,0s,8301s (~2.31 hours),0s,0s,0s,0s,0s,0s
9,3,4,593s (~9.88 minutes),0s,593s (~9.88 minutes),5336s (~1.48 hours),0s,0s,0s,0s,0s,0s
9,4,4,0s,0s,0s,1779s (~29.65 minutes),0s,0s,0s,0s,0s,0s
9,5,4,0s,0s,593s (~9.88 minutes),3558s (~59.3 minutes),0s,0s,0s,0s,0s,0s
9,6,4,591s (~9.85 minutes),0s,0s,4140s (~1.15 hours),0s,0s,0s,0s,0s,0s
10,2,2,1181s (~19.68 minutes),2953s (~49.22 minutes),0s,0s,0s,0s,0s,0s,0s,0s
11,2,3,593s (~9.88 minutes),5337s (~1.48 hours),0s,0s,0s,0s,0s,0s,0s,0s
11,3,3,600s (~10 minutes),7200s (~2 hours),0s,0s,0s,0s,0s,0s,0s,0s
11,4,3,593s (~9.88 minutes),11264s (~3.13 hours),0s,0s,0s,0s,0s,0s,0s,0s
11,5,3,0s,23714s (~6.59 hours),0s,0s,0s,0s,0s,0s,0s,0s
11,6,3,600s (~10 minutes),8400s (~2.33 hours),600s (~10 minutes),0s,0s,0s,0s,0s,0s,0s
11,7,3,593s (~9.88 minutes),2371s (~39.52 minutes),0s,0s,0s,0s,0s,0s,0s,0s
11,8,4,0s,0s,0s,0s,0s,0s,0s,0s,0s,0s
11,9,4,0s,5335s (~1.48 hours),0s,0s,0s,0s,0s,0s,0s,0s
11,10,4,1778s (~29.63 minutes),14224s (~3.95 hours),0s,0s,0s,0s,0s,0s,0s,0s
11,11,4,593s (~9.88 minutes),593s (~9.88 minutes),593s (~9.88 minutes),0s,0s,0s,0s,0s,0s,0s
11,12,4,0s,0s,0s,0s,0s,0s,0s,0s,0s,0s
11,13,4,10670s (~2.96 hours),593s (~9.88 minutes),0s,0s,0s,0s,0s,0s,0s,0s
11,14,4,0s,0s,0s,0s,0s,0s,0s,0s,0s,0s
11,15,4,4741s (~1.32 hours),0s,0s,0s,0s,0s,0s,0s,0s,0s
11,16,4,2963s (~49.38 minutes),5926s (~1.65 hours),0s,0s,0s,0s,0s,0s,0s,0s
11,17,4,592s (~9.87 minutes),3554s (~59.23 minutes),0s,592s (~9.87 minutes),0s,0s,0s,0s,0s,0s
11,18,4,1185s (~19.75 minutes),8886s (~2.47 hours),0s,0s,0s,0s,0s,0s,0s,0s
11,19,4,1185s (~19.75 minutes),13625s (~3.78 hours),0s,0s,0s,0s,0s,0s,0s,0s
11,20,4,1777s (~29.62 minutes),5924s (~1.65 hours),0s,592s (~9.87 minutes),0s,0s,0s,0s,0s,0s
11,21,4,2963s (~49.38 minutes),1778s (~29.63 minutes),0s,0s,0s,0s,0s,0s,0s,0s
11,22,4,592s (~9.87 minutes),1778s (~29.63 minutes),0s,0s,0s,0s,0s,0s,0s,0s
12,2,3,2367s (~39.45 minutes),4142s (~1.15 hours),0s,0s,0s,0s,0s,0s,0s,0s
12,3,3,1184s (~19.73 minutes),0s,0s,0s,0s,0s,0s,0s,0s,0s
12,4,4,0s,2432s (~40.53 minutes),0s,0s,0s,0s,0s,0s,0s,0s
12,5,4,0s,608s (~10.13 minutes),0s,0s,0s,0s,0s,0s,0s,0s
12,6,4,0s,2368s (~39.47 minutes),1184s (~19.73 minutes),0s,0s,0s,0s,0s,0s,0s
12,7,4,0s,2960s (~49.33 minutes),592s (~9.87 minutes),0s,0s,0s,0s,0s,0s,0s
12,8,4,1887s (~31.45 minutes),1887s (~31.45 minutes),629s (~10.48 minutes),1258s (~20.97 minutes),0s,0s,0s,0s,0s,0s
13,1,3,1744s (~29.07 minutes),0s,13369s (~3.71 hours),0s,0s,0s,0s,0s,0s,0s
14,2,3,2959s (~49.32 minutes),20712s (~5.75 hours),1184s (~19.73 minutes),0s,0s,0s,0s,0s,0s,0s
14,3,3,1776s (~29.6 minutes),15389s (~4.27 hours),0s,0s,0s,0s,0s,0s,0s,0s
14,4,3,1775s (~29.58 minutes),13019s (~3.62 hours),0s,0s,0s,0s,0s,0s,0s,0s
14,5,3,1800s (~30 minutes),4800s (~1.33 hours),0s,0s,0s,0s,0s,0s,0s,0s
14,6,3,1800s (~30 minutes),5400s (~1.5 hours),0s,0s,0s,0s,0s,0s,0s,0s
14,7,3,0s,0s,592s (~9.87 minutes),0s,0s,0s,0s,0s,0s,0s
14,8,3,2367s (~39.45 minutes),0s,0s,0s,0s,0s,0s,0s,0s,0s
14,9,3,0s,583s (~9.72 minutes),583s (~9.72 minutes),0s,0s,0s,0s,0s,0s,0s
15,2,3,1184s (~19.73 minutes),0s,4143s (~1.15 hours),0s,0s,0s,0s,0s,0s,0s
17,2,3,726s (~12.1 minutes),0s,4358s (~1.21 hours),0s,0s,0s,0s,0s,0s,0s
18,2,1,5929s (~1.65 hours),0s,0s,0s,0s,0s,0s,0s,0s,0s
18,16,4,0s,0s,0s,0s,0s,0s,0s,0s,0s,0s
20,2,2,3550s (~59.17 minutes),12425s (~3.45 hours),0s,0s,0s,0s,0s,0s,0s,0s
20,3,2,2366s (~39.43 minutes),0s,0s,0s,0s,0s,0s,0s,0s,0s
20,4,3,0s,0s,592s (~9.87 minutes),0s,0s,0s,0s,0s,0s,0s
20,5,3,4140s (~1.15 hours),0s,0s,0s,0s,0s,0s,0s,0s,0s
20,6,3,2365s (~39.42 minutes),12417s (~3.45 hours),0s,0s,0s,0s,0s,0s,0s,0s
20,7,3,1182s (~19.7 minutes),2365s (~39.42 minutes),0s,0s,0s,0s,0s,0s,0s,0s
20,8,3,5211s (~1.45 hours),3722s (~1.03 hours),0s,0s,0s,0s,0s,0s,0s,0s
20,9,3,3549s (~59.15 minutes),3549s (~59.15 minutes),1774s (~29.57 minutes),0s,0s,0s,0s,0s,0s,0s
20,10,3,591s (~9.85 minutes),0s,1774s (~29.57 minutes),0s,0s,0s,0s,0s,0s,0s
20,11,3,1183s (~19.72 minutes),2365s (~39.42 minutes),5913s (~1.64 hours),0s,0s,0s,0s,0s,0s,0s
20,12,3,2400s (~40 minutes),0s,7200s (~2 hours),0s,0s,0s,0s,0s,0s,0s
20,13,3,0s,0s,5323s (~1.48 hours),0s,0s,0s,0s,0s,0s,0s
22,2,3,591s (~9.85 minutes),0s,0s,0s,0s,0s,0s,0s,0s,0s
22,3,4,0s,0s,0s,0s,0s,0s,0s,0s,0s,0s
22,4,4,0s,0s,0s,0s,0s,0s,0s,0s,0s,0s
22,5,4,592s (~9.87 minutes),10058s (~2.79 hours),0s,0s,0s,0s,0s,0s,0s,0s
22,6,4,0s,1775s (~29.58 minutes),1775s (~29.58 minutes),0s,0s,0s,0s,0s,0s,0s
22,7,4,0s,592s (~9.87 minutes),2366s (~39.43 minutes),0s,0s,0s,0s,0s,0s,0s
22,8,4,0s,0s,0s,0s,0s,0s,0s,0s,0s,0s
22,9,4,0s,0s,0s,0s,0s,1183s (~19.72 minutes),0s,0s,0s,0s
22,10,4,0s,0s,0s,0s,0s,0s,0s,0s,0s,0s
22,11,4,0s,0s,0s,0s,0s,0s,0s,0s,0s,0s
22,12,4,0s,0s,0s,0s,0s,0s,0s,0s,0s,0s
22,13,4,0s,0s,0s,0s,0s,0s,0s,0s,0s,0s
22,14,4,0s,0s,0s,0s,0s,0s,0s,0s,0s,0s
22,15,4,591s (~9.85 minutes),0s,0s,0s,0s,0s,0s,0s,0s,0s
23,2,3,592s (~9.87 minutes),0s,28401s (~7.89 hours),0s,0s,0s,0s,0s,0s,0s
23,3,3,6506s (~1.81 hours),7689s (~2.14 hours),19517s (~5.42 hours),0s,0s,0s,0s,0s,0s,0s
23,4,3,2366s (~39.43 minutes),4140s (~1.15 hours),27798s (~7.72 hours),0s,0s,0s,0s,0s,0s,0s
23,5,3,6000s (~1.67 hours),1200s (~20 minutes),17400s (~4.83 hours),0s,0s,0s,0s,0s,0s,0s
23,6,3,6504s (~1.81 hours),591s (~9.85 minutes),8278s (~2.3 hours),0s,0s,0s,0s,0s,0s,0s
23,7,3,5912s (~1.64 hours),0s,5321s (~1.48 hours),0s,0s,0s,0s,0s,0s,0s
23,8,3,4729s (~1.31 hours),0s,10050s (~2.79 hours),0s,0s,0s,0s,0s,0s,0s
23,9,3,4140s (~1.15 hours),0s,13603s (~3.78 hours),0s,0s,0s,0s,0s,0s,0s
23,10,4,1800s (~30 minutes),0s,7200s (~2 hours),0s,0s,0s,0s,0s,0s,0s
23,11,4,591s (~9.85 minutes),0s,5321s (~1.48 hours),0s,0s,0s,0s,0s,0s,0s
24,2,3,3549s (~59.15 minutes),0s,2366s (~39.43 minutes),0s,0s,0s,0s,0s,0s,0s
24,3,3,8280s (~2.3 hours),2957s (~49.28 minutes),29571s (~8.21 hours),0s,0s,0s,0s,0s,0s,0s
24,4,3,7097s (~1.97 hours),5323s (~1.48 hours),14786s (~4.11 hours),0s,0s,0s,0s,0s,0s,0s
24,5,3,13603s (~3.78 hours),4140s (~1.15 hours),11237s (~3.12 hours),0s,0s,0s,0s,0s,0s,0s
24,6,3,8280s (~2.3 hours),2957s (~49.28 minutes),11829s (~3.29 hours),0s,0s,0s,0s,0s,0s,0s
24,7,3,10050s (~2.79 hours),0s,11232s (~3.12 hours),0s,0s,0s,0s,0s,0s,0s
24,8,3,17731s (~4.93 hours),0s,8866s (~2.46 hours),0s,0s,0s,0s,0s,0s,0s
24,9,3,10644s (~2.96 hours),1774s (~29.57 minutes),11235s (~3.12 hours),0s,0s,0s,0s,0s,0s,0s
24,10,3,5914s (~1.64 hours),0s,7097s (~1.97 hours),0s,0s,0s,0s,0s,0s,0s
24,11,3,7687s (~2.14 hours),591s (~9.85 minutes),6504s (~1.81 hours),0s,0s,0s,0s,0s,0s,0s
25,2,4,1183s (~19.72 minutes),4732s (~1.31 hours),592s (~9.87 minutes),0s,0s,0s,0s,0s,0s,0s
25,3,4,7096s (~1.97 hours),4139s (~1.15 hours),5322s (~1.48 hours),0s,0s,0s,0s,0s,0s,0s
25,4,4,7097s (~1.97 hours),9463s (~2.63 hours),2366s (~39.43 minutes),0s,0s,0s,0s,0s,0s,0s
25,5,4,5913s (~1.64 hours),13008s (~3.61 hours),7687s (~2.14 hours),0s,0s,0s,0s,0s,0s,0s
25,6,4,0s,1800s (~30 minutes),12600s (~3.5 hours),0s,0s,0s,0s,0s,0s,0s
27,1,3,11222s (~3.12 hours),4134s (~1.15 hours),1181s (~19.68 minutes),0s,0s,0s,0s,0s,0s,0s
27,2,3,17105s (~4.75 hours),4719s (~1.31 hours),22414s (~6.23 hours),0s,0s,0s,0s,0s,0s,0s
27,3,3,10964s (~3.05 hours),0s,9137s (~2.54 hours),0s,0s,0s,0s,0s,0s,0s
27,4,3,14776s (~4.1 hours),591s (~9.85 minutes),2364s (~39.4 minutes),0s,0s,0s,0s,0s,0s,0s
27,5,3,3546s (~59.1 minutes),2364s (~39.4 minutes),0s,0s,0s,0s,0s,0s,0s,0s
27,6,3,5319s (~1.48 hours),0s,3546s (~59.1 minutes),0s,0s,0s,0s,0s,0s,0s
27,7,3,9452s (~2.63 hours),0s,2363s (~39.38 minutes),0s,0s,0s,0s,0s,0s,0s
27,8,3,5485s (~1.52 hours),0s,609s (~10.15 minutes),0s,0s,0s,0s,0s,0s,0s
28,1,3,18900s (~5.25 hours),2953s (~49.22 minutes),12403s (~3.45 hours),0s,0s,0s,0s,0s,0s,0s
28,2,3,18285s (~5.08 hours),4129s (~1.15 hours),14746s (~4.1 hours),0s,0s,0s,0s,0s,0s,0s
28,3,3,20100s (~5.58 hours),591s (~9.85 minutes),23648s (~6.57 hours),0s,0s,0s,0s,0s,0s,0s
28,4,3,18918s (~5.26 hours),6503s (~1.81 hours),23648s (~6.57 hours),0s,0s,0s,0s,0s,0s,0s
28,5,3,14189s (~3.94 hours),3547s (~59.12 minutes),6503s (~1.81 hours),0s,0s,0s,0s,0s,0s,0s
28,6,3,5911s (~1.64 hours),591s (~9.85 minutes),3546s (~59.1 minutes),0s,0s,0s,0s,0s,0s,0s
28,7,3,18910s (~5.25 hours),0s,2955s (~49.25 minutes),0s,0s,0s,0s,0s,0s,0s
28,8,3,4138s (~1.15 hours),0s,2365s (~39.42 minutes),0s,0s,0s,0s,0s,0s,0s
29,1,3,0s,4560s (~1.27 hours),19760s (~5.49 hours),0s,0s,0s,0s,0s,0s,0s
29,2,3,0s,9369s (~2.6 hours),14723s (~4.09 hours),0s,0s,0s,0s,0s,0s,0s
29,3,3,5379s (~1.49 hours),10759s (~2.99 hours),16810s (~4.67 hours),0s,0s,0s,0s,0s,0s,0s
29,4,3,1800s (~30 minutes),1800s (~30 minutes),16800s (~4.67 hours),600s (~10 minutes),0s,0s,0s,0s,0s,0s
29,5,3,591s (~9.85 minutes),2955s (~49.25 minutes),8866s (~2.46 hours),0s,0s,0s,0s,0s,0s,0s
29,6,3,0s,7800s (~2.17 hours),5200s (~1.44 hours),0s,0s,0s,0s,0s,0s,0s
29,7,3,1302s (~21.7 minutes),5207s (~1.45 hours),1953s (~32.55 minutes),0s,0s,0s,0s,0s,0s,0s
29,8,3,0s,1342s (~22.37 minutes),7383s (~2.05 hours),0s,0s,0s,0s,0s,0s,0s
30,1,2,0s,0s,8400s (~2.33 hours),0s,0s,0s,0s,0s,0s,0s
30,2,2,0s,1180s (~19.67 minutes),11797s (~3.28 hours),0s,0s,0s,0s,0s,0s,0s
30,3,3,5909s (~1.64 hours),3546s (~59.1 minutes),26001s (~7.22 hours),0s,0s,0s,591s (~9.85 minutes),0s,0s,0s
30,4,3,8279s (~2.3 hours),13601s (~3.78 hours),22471s (~6.24 hours),0s,0s,0s,0s,0s,0s,0s
30,5,3,4138s (~1.15 hours),12415s (~3.45 hours),8276s (~2.3 hours),0s,0s,0s,0s,0s,0s,0s
30,6,3,6501s (~1.81 hours),12412s (~3.45 hours),14185s (~3.94 hours),0s,0s,0s,0s,0s,0s,0s
30,7,3,8862s (~2.46 hours),591s (~9.85 minutes),12997s (~3.61 hours),0s,0s,0s,0s,0s,0s,0s
30,8,3,591s (~9.85 minutes),591s (~9.85 minutes),5910s (~1.64 hours),0s,0s,0s,0s,0s,0s,0s
30,9,3,1182s (~19.7 minutes),0s,591s (~9.85 minutes),0s,0s,0s,0s,0s,0s,0s
31,1,3,5889s (~1.64 hours),14723s (~4.09 hours),21201s (~5.89 hours),589s (~9.82 minutes),0s,0s,0s,0s,0s,0s
31,2,3,4135s (~1.15 hours),10634s (~2.95 hours),15360s (~4.27 hours),0s,0s,0s,0s,0s,0s,0s
31,3,3,10631s (~2.95 hours),5316s (~1.48 hours),5316s (~1.48 hours),0s,0s,0s,0s,0s,0s,0s
31,4,3,13200s (~3.67 hours),2400s (~40 minutes),6600s (~1.83 hours),0s,0s,0s,0s,0s,0s,0s
31,5,3,1800s (~30 minutes),0s,5400s (~1.5 hours),2400s (~40 minutes),0s,0s,0s,0s,0s,0s
31,6,3,3544s (~59.07 minutes),3544s (~59.07 minutes),1181s (~19.68 minutes),2362s (~39.37 minutes),0s,0s,0s,0s,0s,0s
31,7,3,590s (~9.83 minutes),0s,1181s (~19.68 minutes),0s,0s,0s,0s,0s,0s,0s
32,2,3,0s,0s,591s (~9.85 minutes),0s,0s,0s,0s,0s,0s,0s
32,3,3,0s,0s,0s,0s,0s,0s,0s,0s,0s,0s
32,4,3,0s,0s,4721s (~1.31 hours),0s,0s,0s,0s,0s,0s,0s
32,5,3,0s,1770s (~29.5 minutes),1770s (~29.5 minutes),0s,0s,0s,0s,0s,0s,0s
32,6,3,0s,0s,10623s (~2.95 hours),0s,0s,0s,0s,0s,0s,0s
32,7,3,0s,0s,2360s (~39.33 minutes),0s,0s,0s,0s,0s,0s,0s
32,8,4,0s,0s,591s (~9.85 minutes),0s,0s,0s,0s,0s,0s,0s
32,9,4,0s,0s,2363s (~39.38 minutes),0s,0s,0s,0s,0s,0s,0s
32,10,4,0s,0s,2954s (~49.23 minutes),0s,0s,0s,0s,0s,0s,0s
33,2,3,1186s (~19.77 minutes),1186s (~19.77 minutes),1779s (~29.65 minutes),2371s (~39.52 minutes),0s,0s,0s,0s,0s,0s
33,3,3,0s,2374s (~39.57 minutes),2968s (~49.47 minutes),7123s (~1.98 hours),0s,0s,0s,0s,0s,0s
33,4,3,0s,0s,641s (~10.68 minutes),3205s (~53.42 minutes),0s,0s,0s,0s,0s,0s
33,5,3,0s,12427s (~3.45 hours),1912s (~31.87 minutes),2868s (~47.8 minutes),0s,0s,0s,0s,0s,0s
33,6,3,0s,9953s (~2.76 hours),4424s (~1.23 hours),3318s (~55.3 minutes),0s,0s,0s,0s,0s,0s
33,7,3,0s,0s,1781s (~29.68 minutes),3561s (~59.35 minutes),0s,0s,0s,0s,0s,0s
33,8,3,0s,4058s (~1.13 hours),2029s (~33.82 minutes),6087s (~1.69 hours),0s,0s,0s,0s,0s,0s
33,9,3,0s,2774s (~46.23 minutes),925s (~15.42 minutes),4623s (~1.28 hours),0s,0s,0s,0s,0s,0s
33,10,3,0s,1967s (~32.78 minutes),1312s (~21.87 minutes),8526s (~2.37 hours),0s,0s,0s,0s,0s,0s
33,11,3,0s,0s,4700s (~1.31 hours),9400s (~2.61 hours),0s,0s,0s,0s,0s,0s
33,12,3,0s,0s,0s,5365s (~1.49 hours),0s,0s,0s,0s,0s,0s
33,13,3,0s,0s,1735s (~28.92 minutes),7809s (~2.17 hours),0s,0s,0s,0s,0s,0s
33,14,3,0s,1313s (~21.88 minutes),7221s (~2.01 hours),10504s (~2.92 hours),0s,0s,0s,0s,0s,0s
33,15,3,593s (~9.88 minutes),0s,0s,7122s (~1.98 hours),0s,0s,0s,0s,0s,0s
33,16,3,0s,0s,0s,1800s (~30 minutes),0s,0s,0s,0s,0s,0s
33,17,3,0s,0s,0s,0s,0s,0s,0s,0s,0s,0s
33,18,3,1187s (~19.78 minutes),0s,0s,2968s (~49.47 minutes),0s,0s,0s,0s,0s,0s
33,19,3,1780s (~29.67 minutes),593s (~9.88 minutes),0s,2374s (~39.57 minutes),0s,0s,0s,0s,0s,0s
33,20,3,0s,0s,0s,5935s (~1.65 hours),0s,0s,0s,0s,0s,0s
33,21,3,593s (~9.88 minutes),593s (~9.88 minutes),0s,3560s (~59.33 minutes),0s,0s,0s,0s,0s,0s
33,22,3,0s,0s,0s,2999s (~49.98 minutes),0s,0s,0s,0s,0s,0s
33,23,3,0s,0s,0s,5520s (~1.53 hours),0s,0s,0s,0s,0s,0s
33,24,3,0s,0s,0s,2968s (~49.47 minutes),0s,0s,0s,0s,0s,0s
33,25,3,0s,0s,0s,0s,0s,0s,0s,0s,0s,0s
33,26,3,0s,0s,0s,0s,0s,0s,0s,0s,0s,0s
33,27,3,0s,0s,0s,0s,0s,0s,0s,0s,0s,0s
33,28,4,0s,0s,0s,1187s (~19.78 minutes),0s,0s,0s,0s,0s,0s
33,29,4,1187s (~19.78 minutes),4747s (~1.32 hours),0s,1187s (~19.78 minutes),0s,0s,0s,0s,0s,0s
33,30,4,0s,593s (~9.88 minutes),0s,593s (~9.88 minutes),0s,0s,0s,0s,0s,0s
33,31,4,0s,0s,0s,593s (~9.88 minutes),0s,0s,0s,0s,0s,0s
33,32,4,0s,1192s (~19.87 minutes),0s,0s,0s,0s,0s,0s,0s,0s
33,33,4,0s,0s,0s,0s,0s,0s,0s,0s,0s,0s
33,34,4,0s,0s,0s,1841s (~30.68 minutes),0s,0s,0s,0s,0s,0s
33,35,4,0s,0s,0s,3600s (~1 hours),0s,0s,0s,0s,0s,0s
33,36,4,0s,0s,0s,1200s (~20 minutes),0s,0s,0s,0s,0s,0s
33,37,4,0s,0s,0s,0s,0s,0s,0s,0s,0s,0s
33,38,4,0s,1214s (~20.23 minutes),0s,0s,0s,0s,0s,0s,0s,0s
33,39,4,0s,600s (~10 minutes),0s,0s,0s,0s,0s,0s,0s,0s
33,40,4,0s,0s,0s,0s,0s,0s,0s,0s,0s,0s
33,41,4,0s,0s,0s,0s,0s,0s,0s,0s,0s,0s
33,42,4,0s,0s,0s,0s,0s,0s,0s,0s,0s,0s
33,43,4,0s,0s,0s,0s,0s,0s,0s,0s,0s,0s
33,44,4,0s,0s,0s,1187s (~19.78 minutes),0s,0s,0s,0s,0s,0s
33,45,4,0s,0s,0s,600s (~10 minutes),0s,0s,0s,0s,0s,0s
33,46,4,0s,0s,0s,1184s (~19.73 minutes),0s,0s,0s,0s,0s,0s
34,2,3,0s,0s,593s (~9.88 minutes),5929s (~1.65 hours),0s,0s,0s,0s,0s,0s
34,3,3,594s (~9.9 minutes),0s,594s (~9.9 minutes),10090s (~2.8 hours),0s,0s,0s,0s,0s,0s
34,4,3,0s,0s,1187s (~19.78 minutes),5936s (~1.65 hours),0s,0s,0s,0s,0s,0s
34,5,3,0s,0s,1200s (~20 minutes),3000s (~50 minutes),0s,0s,0s,0s,0s,0s
34,6,3,0s,0s,1781s (~29.68 minutes),4155s (~1.15 hours),0s,0s,0s,0s,0s,0s
34,7,3,0s,0s,0s,3600s (~1 hours),0s,0s,0s,0s,0s,0s
34,8,3,0s,0s,1187s (~19.78 minutes),3561s (~59.35 minutes),0s,0s,0s,0s,0s,0s
34,9,3,0s,0s,0s,6529s (~1.81 hours),0s,0s,0s,0s,0s,0s
34,10,3,0s,0s,0s,7800s (~2.17 hours),0s,0s,0s,0s,0s,0s
34,11,3,0s,0s,0s,3562s (~59.37 minutes),0s,0s,0s,0s,0s,0s
34,12,3,0s,0s,0s,1187s (~19.78 minutes),0s,0s,0s,0s,0s,0s
34,13,3,0s,0s,0s,0s,0s,0s,0s,0s,0s,0s
34,14,3,0s,0s,594s (~9.9 minutes),1187s (~19.78 minutes),0s,0s,0s,0s,0s,0s
34,15,3,0s,0s,0s,594s (~9.9 minutes),0s,0s,0s,0s,0s,0s
34,16,3,0s,0s,0s,594s (~9.9 minutes),0s,0s,0s,0s,0s,0s
34,17,3,0s,0s,0s,0s,0s,0s,0s,0s,0s,0s
34,18,3,0s,0s,0s,594s (~9.9 minutes),0s,0s,0s,0s,0s,0s
34,19,3,0s,0s,0s,1187s (~19.78 minutes),0s,0s,0s,0s,0s,0s
34,20,4,0s,0s,0s,1200s (~20 minutes),0s,0s,0s,0s,0s,0s
34,21,4,0s,0s,0s,593s (~9.88 minutes),0s,0s,0s,0s,0s,0s
34,22,4,0s,0s,0s,0s,0s,0s,0s,0s,0s,0s
34,23,4,0s,0s,0s,0s,0s,0s,0s,0s,0s,0s
34,24,4,0s,0s,0s,0s,0s,0s,0s,0s,0s,0s
34,25,4,0s,0s,0s,0s,0s,0s,0s,0s,0s,0s
34,26,4,0s,0s,0s,0s,0s,0s,0s,0s,0s,0s
34,27,4,0s,0s,0s,593s (~9.88 minutes),0s,0s,0s,0s,0s,0s
34,28,4,0s,0s,0s,3560s (~59.33 minutes),0s,0s,0s,0s,0s,0s
34,29,4,0s,0s,0s,1187s (~19.78 minutes),0s,0s,0s,0s,0s,0s
34,30,4,0s,0s,0s,4747s (~1.32 hours),0s,0s,0s,0s,0s,0s
34,31,4,0s,0s,0s,1780s (~29.67 minutes),0s,0s,0s,593s (~9.88 minutes),0s,0s
34,32,4,0s,0s,0s,1804s (~30.07 minutes),0s,0s,0s,0s,0s,0s
34,33,4,0s,0s,0s,1780s (~29.67 minutes),0s,0s,0s,1780s (~29.67 minutes),0s,0s
34,34,4,0s,0s,0s,1186s (~19.77 minutes),0s,0s,0s,0s,0s,0s
34,35,4,0s,0s,0s,2966s (~49.43 minutes),0s,0s,0s,593s (~9.88 minutes),0s,0s
34,36,4,0s,0s,0s,2373s (~39.55 minutes),0s,0s,0s,0s,0s,0s
34,37,4,0s,0s,0s,593s (~9.88 minutes),0s,0s,0s,0s,0s,0s
34,38,4,0s,0s,0s,600s (~10 minutes),0s,0s,0s,600s (~10 minutes),0s,0s
34,39,4,0s,0s,0s,593s (~9.88 minutes),0s,0s,0s,0s,0s,0s
34,40,4,0s,0s,0s,1187s (~19.78 minutes),0s,0s,0s,0s,0s,0s
34,41,4,0s,0s,0s,593s (~9.88 minutes),0s,0s,0s,0s,0s,0s
34,42,4,0s,0s,0s,1200s (~20 minutes),0s,0s,0s,0s,0s,0s
34,43,4,0s,0s,0s,1800s (~30 minutes),0s,0s,0s,0s,0s,0s
34,44,4,0s,0s,0s,4746s (~1.32 hours),0s,0s,0s,0s,0s,0s
34,45,4,0s,0s,0s,2373s (~39.55 minutes),0s,0s,0s,0s,0s,0s
34,46,4,0s,0s,0s,3000s (~50 minutes),0s,0s,0s,0s,0s,0s
35,2,3,0s,1186s (~19.77 minutes),16600s (~4.61 hours),0s,0s,0s,0s,0s,0s,0s
35,3,3,0s,0s,8311s (~2.31 hours),594s (~9.9 minutes),0s,0s,0s,0s,0s,0s
35,4,4,0s,0s,16983s (~4.72 hours),7885s (~2.19 hours),0s,0s,0s,0s,0s,0s
35,5,4,0s,0s,18600s (~5.17 hours),4800s (~1.33 hours),0s,0s,0s,0s,0s,0s
35,6,4,0s,0s,23045s (~6.4 hours),1819s (~30.32 minutes),0s,0s,0s,0s,0s,0s
35,7,4,0s,0s,7885s (~2.19 hours),3033s (~50.55 minutes),0s,0s,0s,0s,0s,0s
35,8,4,0s,0s,1226s (~20.43 minutes),4292s (~1.19 hours),0s,0s,0s,0s,0s,0s
35,9,4,4127s (~1.15 hours),2751s (~45.85 minutes),4815s (~1.34 hours),4127s (~1.15 hours),0s,0s,0s,0s,0s,0s
35,10,4,4127s (~1.15 hours),0s,2751s (~45.85 minutes),4127s (~1.15 hours),0s,0s,0s,0s,0s,0s
35,11,4,0s,0s,626s (~10.43 minutes),1253s (~20.88 minutes),0s,0s,0s,0s,0s,0s
35,12,4,0s,0s,0s,7931s (~2.2 hours),0s,0s,0s,0s,0s,0s
35,13,4,1226s (~20.43 minutes),0s,613s (~10.22 minutes),6130s (~1.7 hours),0s,0s,0s,0s,0s,0s
35,14,4,2756s (~45.93 minutes),0s,0s,9644s (~2.68 hours),0s,0s,0s,0s,0s,0s
35,15,4,1227s (~20.45 minutes),0s,0s,4293s (~1.19 hours),0s,0s,0s,0s,0s,0s
35,16,4,600s (~10 minutes),0s,1800s (~30 minutes),3000s (~50 minutes),0s,0s,0s,0s,0s,0s
35,17,4,0s,593s (~9.88 minutes),0s,4748s (~1.32 hours),0s,0s,0s,0s,0s,0s
35,18,4,7800s (~2.17 hours),4200s (~1.17 hours),0s,2400s (~40 minutes),0s,0s,0s,0s,0s,0s
35,19,4,593s (~9.88 minutes),3561s (~59.35 minutes),593s (~9.88 minutes),1187s (~19.78 minutes),0s,0s,0s,0s,0s,0s
35,20,4,2374s (~39.57 minutes),2374s (~39.57 minutes),0s,0s,0s,0s,0s,0s,0s,0s
35,21,4,0s,0s,0s,0s,0s,0s,0s,0s,0s,0s
35,22,4,597s (~9.95 minutes),1195s (~19.92 minutes),0s,0s,0s,0s,0s,0s,0s,0s
35,23,4,8310s (~2.31 hours),1187s (~19.78 minutes),0s,0s,0s,0s,0s,0s,0s,0s
35,24,4,607s (~10.12 minutes),0s,0s,0s,0s,0s,0s,0s,0s,0s
35,25,4,2427s (~40.45 minutes),0s,0s,0s,0s,0s,0s,0s,0s,0s
35,26,4,4962s (~1.38 hours),2481s (~41.35 minutes),0s,0s,0s,0s,0s,0s,0s,0s
35,27,4,3939s (~1.09 hours),0s,0s,0s,0s,0s,0s,0s,0s,0s
35,28,4,8400s (~2.33 hours),600s (~10 minutes),0s,0s,0s,0s,0s,0s,0s,0s
35,29,4,6673s (~1.85 hours),607s (~10.12 minutes),0s,0s,0s,0s,0s,0s,0s,0s
35,30,4,2373s (~39.55 minutes),0s,0s,0s,0s,0s,0s,0s,0s,0s
35,31,4,0s,0s,0s,0s,0s,0s,0s,0s,0s,0s
35,32,4,0s,0s,0s,0s,0s,0s,0s,0s,0s,0s
36,1,3,0s,0s,593s (~9.88 minutes),0s,0s,0s,0s,0s,0s,0s
36,2,3,0s,0s,0s,0s,0s,0s,0s,0s,0s,0s
37,2,3,0s,0s,0s,0s,0s,0s,0s,0s,0s,0s
37,3,3,0s,1187s (~19.78 minutes),593s (~9.88 minutes),0s,0s,0s,0s,0s,0s,0s
37,4,3,614s (~10.23 minutes),0s,0s,0s,0s,0s,0s,0s,0s,0s
37,5,3,0s,0s,6067s (~1.69 hours),607s (~10.12 minutes),0s,0s,0s,0s,0s,0s
37,6,3,0s,0s,0s,0s,0s,0s,0s,0s,0s,0s
37,7,3,0s,3600s (~1 hours),0s,0s,0s,0s,0s,0s,0s,0s
37,8,3,0s,0s,0s,0s,0s,0s,0s,0s,0s,0s
37,9,3,0s,0s,0s,0s,0s,0s,0s,0s,0s,0s
37,10,3,1228s (~20.47 minutes),1841s (~30.68 minutes),1228s (~20.47 minutes),0s,0s,0s,0s,0s,0s,0s
37,11,4,0s,0s,0s,0s,0s,0s,0s,0s,0s,0s
37,12,4,0s,0s,0s,614s (~10.23 minutes),0s,0s,0s,0s,0s,0s
37,13,4,0s,0s,0s,3641s (~1.01 hours),0s,0s,0s,0s,0s,0s
37,14,4,0s,4248s (~1.18 hours),0s,4855s (~1.35 hours),0s,0s,0s,0s,0s,0s
37,15,4,0s,0s,0s,3754s (~1.04 hours),0s,0s,0s,0s,0s,0s
38,2,3,0s,3071s (~51.18 minutes),0s,0s,0s,0s,0s,0s,0s,0s
38,3,3,0s,593s (~9.88 minutes),0s,593s (~9.88 minutes),0s,0s,0s,0s,0s,0s
38,4,3,1907s (~31.78 minutes),636s (~10.6 minutes),0s,1271s (~21.18 minutes),0s,0s,0s,0s,0s,0s
38,5,3,1821s (~30.35 minutes),1821s (~30.35 minutes),0s,1821s (~30.35 minutes),0s,0s,0s,0s,0s,0s
38,6,3,1843s (~30.72 minutes),1229s (~20.48 minutes),0s,1229s (~20.48 minutes),0s,0s,0s,0s,0s,0s
38,7,3,652s (~10.87 minutes),1305s (~21.75 minutes),0s,3262s (~54.37 minutes),0s,0s,0s,0s,0s,0s
38,8,3,0s,1847s (~30.78 minutes),0s,2463s (~41.05 minutes),0s,0s,0s,0s,0s,0s
38,9,3,629s (~10.48 minutes),1258s (~20.97 minutes),0s,0s,0s,0s,0s,0s,0s,0s
38,10,3,629s (~10.48 minutes),19496s (~5.42 hours),0s,0s,0s,0s,0s,0s,0s,0s
38,11,4,637s (~10.62 minutes),1911s (~31.85 minutes),0s,1274s (~21.23 minutes),0s,0s,0s,0s,0s,0s
39,2,3,0s,0s,0s,0s,0s,0s,0s,0s,0s,0s
39,3,3,0s,1214s (~20.23 minutes),0s,0s,0s,0s,0s,0s,0s,0s
39,4,3,0s,593s (~9.88 minutes),0s,0s,0s,0s,0s,0s,0s,0s
39,5,3,0s,3000s (~50 minutes),0s,0s,0s,0s,0s,0s,0s,0s
39,6,4,0s,0s,0s,0s,0s,0s,0s,0s,0s,0s
39,7,4,0s,0s,0s,600s (~10 minutes),0s,0s,0s,0s,0s,0s
39,8,4,0s,0s,0s,592s (~9.87 minutes),0s,0s,0s,0s,0s,0s
40,2,3,0s,0s,0s,593s (~9.88 minutes),0s,0s,0s,0s,0s,0s
40,3,3,0s,0s,0s,0s,0s,0s,0s,0s,0s,0s
40,4,3,0s,0s,0s,1186s (~19.77 minutes),0s,0s,0s,0s,0s,0s
40,5,4,0s,0s,0s,3642s (~1.01 hours),0s,0s,0s,0s,0s,0s
40,6,4,0s,0s,0s,0s,0s,0s,0s,0s,0s,0s
40,7,4,0s,0s,0s,0s,0s,0s,0s,0s,0s,0s
40,8,4,0s,0s,0s,0s,0s,0s,0s,0s,0s,0s
41,2,3,1779s (~29.65 minutes),18384s (~5.11 hours),1779s (~29.65 minutes),0s,0s,0s,0s,0s,0s,0s
41,3,3,2965s (~49.42 minutes),11267s (~3.13 hours),0s,0s,0s,0s,0s,0s,0s,0s
41,4,3,0s,7116s (~1.98 hours),0s,0s,0s,0s,0s,0s,0s,0s
41,5,3,3558s (~59.3 minutes),4151s (~1.15 hours),0s,0s,0s,0s,0s,0s,0s,0s
41,6,3,2372s (~39.53 minutes),8895s (~2.47 hours),0s,0s,0s,0s,0s,0s,0s,0s
41,7,3,0s,2372s (~39.53 minutes),1186s (~19.77 minutes),0s,0s,0s,0s,0s,0s,0s
41,8,3,593s (~9.88 minutes),5335s (~1.48 hours),1778s (~29.63 minutes),0s,0s,0s,0s,0s,0s,0s
41,9,3,1186s (~19.77 minutes),0s,2964s (~49.4 minutes),0s,0s,0s,0s,0s,0s,0s
41,10,3,3557s (~59.28 minutes),1186s (~19.77 minutes),0s,0s,0s,0s,0s,0s,0s,0s
41,11,3,5336s (~1.48 hours),1186s (~19.77 minutes),0s,0s,0s,0s,0s,0s,0s,0s
41,12,3,3558s (~59.3 minutes),1186s (~19.77 minutes),0s,0s,0s,0s,0s,0s,0s,0s
41,13,3,7812s (~2.17 hours),19530s (~5.42 hours),0s,0s,0s,0s,0s,0s,0s,0s
41,14,4,10956s (~3.04 hours),996s (~16.6 minutes),996s (~16.6 minutes),996s (~16.6 minutes),0s,0s,0s,0s,0s,0s
41,15,4,3240s (~54 minutes),0s,0s,0s,0s,0s,0s,0s,0s,0s
41,16,4,24600s (~6.83 hours),0s,0s,0s,0s,0s,0s,0s,0s,0s
46,2,3,7941s (~2.21 hours),19853s (~5.51 hours),1324s (~22.07 minutes),0s,0s,0s,0s,0s,0s,0s
46,3,3,3795s (~1.05 hours),17708s (~4.92 hours),1265s (~21.08 minutes),0s,0s,0s,0s,0s,0s,0s
46,4,3,2722s (~45.37 minutes),12931s (~3.59 hours),0s,0s,0s,0s,0s,0s,0s,0s
46,5,3,872s (~14.53 minutes),0s,0s,0s,0s,0s,0s,0s,0s,0s
46,6,3,3269s (~54.48 minutes),6538s (~1.82 hours),0s,0s,0s,0s,0s,0s,0s,0s
46,7,3,661s (~11.02 minutes),4626s (~1.28 hours),0s,0s,0s,0s,0s,0s,0s,0s
46,8,3,2329s (~38.82 minutes),0s,0s,0s,0s,0s,0s,0s,0s,0s
47,2,1,0s,0s,0s,0s,0s,0s,0s,0s,0s,0s
47,3,1,0s,0s,0s,0s,0s,0s,0s,0s,0s,0s
47,4,2,0s,0s,0s,0s,0s,0s,0s,0s,0s,0s
47,5,2,0s,0s,0s,0s,0s,0s,0s,0s,0s,0s
47,6,2,0s,0s,0s,0s,0s,0s,0s,0s,0s,0s
47,7,3,0s,0s,0s,0s,0s,0s,0s,0s,0s,0s
47,8,3,0s,0s,0s,0s,0s,0s,0s,0s,0s,0s
48,2,1,750s (~12.5 minutes),0s,0s,750s (~12.5 minutes),0s,0s,0s,0s,0s,0s
48,3,1,4593s (~1.28 hours),6890s (~1.91 hours),0s,0s,0s,0s,0s,0s,0s,0s
48,4,1,1850s (~30.83 minutes),3700s (~1.03 hours),0s,0s,0s,0s,0s,0s,0s,0s
48,5,2,634s (~10.57 minutes),14578s (~4.05 hours),0s,0s,0s,0s,0s,0s,0s,0s
48,6,2,0s,0s,0s,0s,0s,0s,0s,0s,0s,0s
48,7,2,1327s (~22.12 minutes),664s (~11.07 minutes),0s,0s,0s,0s,0s,0s,0s,0s
49,2,3,0s,0s,0s,0s,0s,0s,0s,0s,0s,0s
49,3,3,0s,0s,0s,0s,0s,0s,0s,0s,0s,0s
49,4,3,0s,0s,0s,0s,0s,0s,0s,0s,0s,0s
49,5,3,0s,0s,0s,0s,0s,0s,0s,0s,0s,0s
50,2,2,0s,0s,0s,0s,0s,0s,0s,0s,0s,0s
50,3,2,592s (~9.87 minutes),592s (~9.87 minutes),0s,0s,0s,0s,0s,0s,0s,0s
50,4,3,0s,0s,0s,0s,0s,0s,0s,0s,0s,0s
50,5,3,0s,0s,0s,0s,0s,0s,0s,0s,0s,0s
50,6,3,0s,0s,0s,0s,0s,0s,0s,0s,0s,0s
50,7,3,0s,0s,0s,0s,0s,0s,0s,0s,0s,0s
50,8,3,0s,0s,1775s (~29.58 minutes),592s (~9.87 minutes),0s,0s,0s,0s,0s,0s
50,9,3,0s,0s,0s,0s,0s,0s,0s,0s,0s,0s
50,10,3,0s,0s,0s,0s,0s,0s,0s,0s,0s,0s
50,11,3,0s,0s,0s,0s,0s,0s,0s,0s,0s,0s
50,12,3,0s,0s,0s,0s,0s,0s,0s,0s,0s,0s
50,13,3,0s,0s,0s,0s,0s,0s,0s,0s,0s,0s
50,14,3,0s,0s,0s,0s,0s,0s,0s,0s,0s,0s
52,1,3,0s,0s,0s,2958s (~49.3 minutes),0s,0s,0s,0s,0s,0s
52,2,3,0s,0s,0s,4141s (~1.15 hours),0s,0s,0s,0s,0s,0s
52,3,3,0s,0s,0s,2366s (~39.43 minutes),0s,0s,0s,0s,0s,0s
52,4,3,0s,0s,0s,0s,0s,0s,0s,0s,0s,0s
52,5,3,0s,0s,0s,591s (~9.85 minutes),0s,0s,0s,0s,0s,0s
52,6,3,0s,0s,0s,591s (~9.85 minutes),0s,0s,0s,0s,0s,0s
52,7,3,0s,0s,0s,0s,0s,0s,0s,0s,0s,0s
52,8,3,0s,0s,0s,591s (~9.85 minutes),0s,0s,0s,0s,0s,0s
52,9,3,0s,0s,0s,0s,0s,0s,0s,0s,0s,0s
52,10,3,0s,0s,0s,0s,0s,0s,0s,0s,0s,0s
52,11,4,0s,0s,0s,0s,0s,0s,0s,0s,0s,0s
52,12,4,0s,0s,0s,1183s (~19.72 minutes),0s,0s,0s,0s,0s,0s
52,13,4,0s,0s,0s,0s,0s,0s,0s,0s,0s,0s
52,14,4,0s,0s,0s,0s,0s,0s,0s,0s,0s,0s
52,15,4,0s,0s,0s,0s,0s,0s,0s,0s,0s,0s
53,2,3,615s (~10.25 minutes),7382s (~2.05 hours),3691s (~1.03 hours),1846s (~30.77 minutes),0s,0s,0s,0s,0s,0s
53,3,4,0s,3860s (~1.07 hours),5147s (~1.43 hours),1287s (~21.45 minutes),0s,0s,0s,0s,0s,0s
53,4,4,3750s (~1.04 hours),12000s (~3.33 hours),9750s (~2.71 hours),0s,0s,0s,0s,0s,0s,0s
53,5,4,722s (~12.03 minutes),2165s (~36.08 minutes),0s,0s,0s,0s,0s,0s,0s,0s
53,6,4,0s,1636s (~27.27 minutes),0s,0s,0s,0s,0s,0s,0s,0s
53,7,4,0s,1000s (~16.67 minutes),3000s (~50 minutes),1000s (~16.67 minutes),0s,0s,0s,0s,0s,0s
53,8,4,1090s (~18.17 minutes),2180s (~36.33 minutes),0s,0s,0s,0s,0s,0s,0s,0s
53,9,4,2919s (~48.65 minutes),5838s (~1.62 hours),1460s (~24.33 minutes),0s,0s,0s,0s,0s,0s,0s
53,10,4,0s,1750s (~29.17 minutes),12250s (~3.4 hours),0s,0s,0s,0s,0s,0s,0s
53,11,4,593s (~9.88 minutes),0s,2966s (~49.43 minutes),0s,0s,0s,0s,0s,0s,0s
53,12,4,600s (~10 minutes),14400s (~4 hours),4200s (~1.17 hours),0s,0s,0s,0s,0s,0s,0s
53,13,4,3035s (~50.58 minutes),6070s (~1.69 hours),5059s (~1.41 hours),0s,0s,0s,0s,0s,0s,0s
53,14,4,0s,0s,0s,0s,0s,0s,0s,0s,0s,0s
53,15,4,0s,2860s (~47.67 minutes),0s,715s (~11.92 minutes),0s,0s,0s,0s,0s,0s
53,16,4,2243s (~37.38 minutes),748s (~12.47 minutes),2243s (~37.38 minutes),0s,0s,0s,0s,0s,0s,0s
53,17,4,1964s (~32.73 minutes),655s (~10.92 minutes),0s,0s,0s,0s,0s,0s,0s,0s
53,18,4,0s,0s,1740s (~29 minutes),0s,0s,0s,0s,0s,0s,0s
53,19,4,6293s (~1.75 hours),0s,629s (~10.48 minutes),0s,0s,0s,0s,0s,0s,0s
53,20,4,3116s (~51.93 minutes),2337s (~38.95 minutes),779s (~12.98 minutes),0s,0s,0s,0s,0s,0s,0s
53,21,4,0s,1703s (~28.38 minutes),0s,0s,0s,0s,0s,0s,0s,0s
53,22,4,0s,0s,2400s (~40 minutes),0s,0s,0s,2400s (~40 minutes),0s,0s,0s
54,2,3,6520s (~1.81 hours),5334s (~1.48 hours),0s,593s (~9.88 minutes),0s,0s,0s,0s,0s,0s
54,3,3,593s (~9.88 minutes),1187s (~19.78 minutes),0s,0s,0s,0s,0s,0s,0s,0s
54,4,3,1187s (~19.78 minutes),4747s (~1.32 hours),0s,0s,0s,0s,0s,0s,0s,0s
54,5,3,4153s (~1.15 hours),6527s (~1.81 hours),0s,1187s (~19.78 minutes),0s,0s,0s,0s,0s,0s
54,6,3,7119s (~1.98 hours),29663s (~8.24 hours),593s (~9.88 minutes),0s,0s,0s,0s,0s,0s,0s
54,7,3,5933s (~1.65 hours),8307s (~2.31 hours),593s (~9.88 minutes),1187s (~19.78 minutes),0s,0s,0s,0s,0s,0s
54,8,3,4745s (~1.32 hours),16609s (~4.61 hours),2373s (~39.55 minutes),1186s (~19.77 minutes),0s,0s,0s,0s,0s,0s
54,9,3,3559s (~59.32 minutes),23727s (~6.59 hours),1186s (~19.77 minutes),1780s (~29.67 minutes),0s,0s,0s,0s,0s,0s
54,10,3,1186s (~19.77 minutes),15423s (~4.28 hours),2373s (~39.55 minutes),4152s (~1.15 hours),0s,0s,0s,0s,0s,0s
54,11,3,2372s (~39.53 minutes),1186s (~19.77 minutes),0s,4744s (~1.32 hours),0s,0s,0s,0s,0s,0s
54,12,3,2372s (~39.53 minutes),1186s (~19.77 minutes),593s (~9.88 minutes),2966s (~49.43 minutes),0s,0s,0s,0s,0s,0s
54,13,3,2426s (~40.43 minutes),2426s (~40.43 minutes),0s,4245s (~1.18 hours),0s,0s,0s,0s,0s,0s
54,14,3,1944s (~32.4 minutes),1296s (~21.6 minutes),0s,2592s (~43.2 minutes),0s,0s,0s,0s,0s,0s
54,15,3,0s,1865s (~31.08 minutes),0s,1865s (~31.08 minutes),0s,0s,0s,0s,0s,0s
54,16,3,0s,8185s (~2.27 hours),630s (~10.5 minutes),5037s (~1.4 hours),0s,0s,0s,0s,0s,0s
54,17,3,0s,3071s (~51.18 minutes),614s (~10.23 minutes),1843s (~30.72 minutes),0s,0s,0s,0s,614s (~10.23 minutes),0s
54,18,3,661s (~11.02 minutes),0s,0s,1322s (~22.03 minutes),0s,0s,0s,0s,0s,0s
54,19,3,0s,0s,0s,653s (~10.88 minutes),0s,0s,0s,0s,0s,0s
54,20,4,0s,0s,0s,1290s (~21.5 minutes),0s,0s,0s,0s,0s,0s
54,21,4,3820s (~1.06 hours),1273s (~21.22 minutes),0s,0s,0s,0s,0s,0s,0s,0s
54,22,4,662s (~11.03 minutes),1323s (~22.05 minutes),0s,0s,0s,0s,0s,0s,0s,0s
54,23,4,646s (~10.77 minutes),1938s (~32.3 minutes),0s,3877s (~1.08 hours),0s,0s,0s,0s,0s,0s
54,24,4,672s (~11.2 minutes),0s,0s,0s,0s,0s,0s,0s,0s,0s
54,25,4,0s,0s,0s,1992s (~33.2 minutes),0s,0s,0s,0s,0s,0s
54,26,4,0s,0s,0s,4775s (~1.33 hours),0s,0s,0s,0s,0s,0s
54,27,4,0s,0s,0s,2096s (~34.93 minutes),0s,0s,0s,0s,0s,0s
54,28,4,0s,0s,0s,1403s (~23.38 minutes),0s,0s,0s,0s,0s,0s
54,29,4,0s,0s,0s,698s (~11.63 minutes),0s,0s,0s,0s,0s,0s
55,2,2,0s,2400s (~40 minutes),1800s (~30 minutes),0s,0s,0s,0s,0s,0s,0s
55,3,2,3000s (~50 minutes),600s (~10 minutes),600s (~10 minutes),0s,0s,0s,0s,0s,0s,0s
55,4,3,600s (~10 minutes),3000s (~50 minutes),1200s (~20 minutes),0s,0s,0s,0s,0s,0s,0s
55,5,3,1187s (~19.78 minutes),2373s (~39.55 minutes),1187s (~19.78 minutes),0s,0s,0s,0s,0s,0s,0s
55,6,3,1780s (~29.67 minutes),7120s (~1.98 hours),593s (~9.88 minutes),0s,0s,0s,0s,0s,0s,0s
55,7,3,1214s (~20.23 minutes),1214s (~20.23 minutes),0s,0s,0s,0s,0s,0s,0s,0s
55,8,3,593s (~9.88 minutes),0s,593s (~9.88 minutes),0s,0s,0s,0s,0s,0s,0s
55,9,3,0s,0s,593s (~9.88 minutes),0s,0s,0s,0s,0s,0s,0s
55,10,3,0s,0s,593s (~9.88 minutes),0s,0s,0s,0s,0s,0s,0s
55,11,3,0s,1779s (~29.65 minutes),593s (~9.88 minutes),0s,0s,0s,0s,0s,0s,0s
55,12,3,0s,0s,593s (~9.88 minutes),2966s (~49.43 minutes),0s,0s,0s,0s,0s,0s
55,13,3,0s,1795s (~29.92 minutes),0s,2991s (~49.85 minutes),0s,0s,0s,0s,0s,0s
55,14,3,607s (~10.12 minutes),7892s (~2.19 hours),607s (~10.12 minutes),0s,0s,0s,0s,0s,0s,0s
55,15,3,1214s (~20.23 minutes),10321s (~2.87 hours),2429s (~40.48 minutes),607s (~10.12 minutes),0s,0s,0s,0s,0s,0s
55,16,3,607s (~10.12 minutes),0s,607s (~10.12 minutes),1821s (~30.35 minutes),0s,0s,0s,0s,0s,0s
55,17,3,0s,0s,1186s (~19.77 minutes),0s,0s,0s,0s,0s,0s,0s
55,18,3,0s,0s,614s (~10.23 minutes),0s,0s,0s,0s,0s,0s,0s
55,19,3,0s,614s (~10.23 minutes),0s,1843s (~30.72 minutes),0s,0s,0s,0s,0s,0s
55,20,3,0s,0s,0s,1267s (~21.12 minutes),0s,0s,0s,0s,0s,0s
55,21,3,670s (~11.17 minutes),0s,670s (~11.17 minutes),670s (~11.17 minutes),0s,0s,0s,0s,0s,0s
55,22,3,664s (~11.07 minutes),1992s (~33.2 minutes),664s (~11.07 minutes),1328s (~22.13 minutes),0s,0s,0s,0s,0s,0s
55,23,3,1276s (~21.27 minutes),1276s (~21.27 minutes),0s,0s,0s,0s,0s,0s,0s,0s
55,24,3,630s (~10.5 minutes),0s,630s (~10.5 minutes),630s (~10.5 minutes),0s,0s,0s,0s,0s,0s
55,25,3,0s,0s,0s,0s,0s,0s,0s,0s,0s,0s
55,26,3,0s,0s,0s,0s,0s,0s,0s,0s,0s,655s (~10.92 minutes)
55,27,3,0s,0s,0s,0s,0s,0s,0s,0s,0s,655s (~10.92 minutes)
55,28,3,0s,0s,0s,2621s (~43.68 minutes),0s,0s,0s,0s,0s,0s
55,29,3,0s,0s,0s,0s,0s,0s,0s,0s,0s,0s
58,2,3,10673s (~2.96 hours),33798s (~9.39 hours),7708s (~2.14 hours),0s,0s,0s,0s,0s,0s,0s
58,3,3,10079s (~2.8 hours),21936s (~6.09 hours),5336s (~1.48 hours),0s,0s,0s,0s,0s,0s,0s
58,4,3,6600s (~1.83 hours),15000s (~4.17 hours),11400s (~3.17 hours),0s,0s,0s,0s,0s,0s,0s
59,2,2,6772s (~1.88 hours),4309s (~1.2 hours),616s (~10.27 minutes),616s (~10.27 minutes),0s,0s,0s,0s,0s,0s
59,3,2,1867s (~31.12 minutes),5600s (~1.56 hours),0s,933s (~15.55 minutes),0s,0s,0s,0s,0s,0s
59,4,3,0s,2191s (~36.52 minutes),0s,0s,0s,0s,0s,0s,0s,0s
59,5,3,848s (~14.13 minutes),848s (~14.13 minutes),848s (~14.13 minutes),848s (~14.13 minutes),0s,0s,0s,0s,0s,0s
59,6,3,0s,15333s (~4.26 hours),0s,0s,0s,0s,0s,0s,0s,0s
59,7,3,3556s (~59.27 minutes),3556s (~59.27 minutes),593s (~9.88 minutes),0s,0s,0s,0s,0s,0s,0s
59,8,3,2505s (~41.75 minutes),5635s (~1.57 hours),0s,0s,0s,0s,0s,0s,0s,0s
59,9,3,2371s (~39.52 minutes),7705s (~2.14 hours),593s (~9.88 minutes),2371s (~39.52 minutes),0s,0s,0s,0s,0s,0s
59,10,3,0s,4536s (~1.26 hours),0s,4536s (~1.26 hours),0s,0s,0s,0s,0s,0s
59,11,3,1279s (~21.32 minutes),6395s (~1.78 hours),3197s (~53.28 minutes),1279s (~21.32 minutes),0s,0s,0s,0s,0s,0s
59,12,3,600s (~10 minutes),4800s (~1.33 hours),1800s (~30 minutes),2400s (~40 minutes),0s,0s,0s,0s,0s,0s
59,13,3,591s (~9.85 minutes),5317s (~1.48 hours),591s (~9.85 minutes),0s,0s,0s,0s,0s,0s,0s
60,2,3,0s,1112s (~18.53 minutes),1112s (~18.53 minutes),0s,0s,0s,0s,0s,0s,0s
60,3,3,0s,0s,0s,0s,0s,0s,0s,0s,0s,0s
60,4,3,0s,2209s (~36.82 minutes),11045s (~3.07 hours),0s,0s,0s,0s,0s,0s,0s
60,5,3,0s,941s (~15.68 minutes),1882s (~31.37 minutes),0s,0s,0s,0s,0s,0s,0s
60,6,3,0s,0s,0s,0s,0s,0s,0s,0s,0s,0s
61,2,3,10800s (~3 hours),18600s (~5.17 hours),21000s (~5.83 hours),0s,0s,0s,0s,0s,0s,0s
