ccam_num,carcass_age,n_photos,common_raven,gull,turkey_vulture,killdeer,savannah_sparrow,song_sparrow,white_crowned_sparrow,european_starling,american_crow,semipalmated_plover,deer_mouse,bonapartes_gull,black_phoebe,western_fence_lizard,mule_deer
5,1/2,521,16,1,510,0,0,0,0,0,0,0,0,0,0,0,0
5,3,564,3,0,132,0,0,0,0,0,0,0,0,0,0,0,0
5,4,3231,5,0,280,1,1,2,1,0,0,0,0,0,0,0,0
6,3,1826,141,305,320,0,0,0,0,0,0,0,0,0,0,0,0
6,4,2306,403,223,142,0,0,0,0,4,0,0,0,0,0,0,0
7,3,426,9,27,15,0,0,0,0,6,2,0,0,0,0,0,0
7,4,199,11,13,2,0,0,0,0,7,0,0,0,0,0,0,0
8,4,2388,5,0,4,0,2,3,6,17,0,0,0,0,0,0,0
9,4,422,3,2,0,1,0,1,1,25,0,3,0,0,0,0,0
11,3,518,5,1,163,0,0,0,0,0,0,0,0,0,0,0,0
11,4,1213,62,1,145,0,0,0,0,0,0,0,0,0,0,0,0
12,3,152,7,0,9,0,0,0,0,0,0,0,0,0,0,0,0
12,4,360,3,4,19,0,0,0,0,25,0,0,0,0,0,0,0
14,3,553,28,4,163,0,0,0,0,0,0,0,0,0,0,0,0
20,1/2,148,13,0,33,0,0,0,0,0,0,0,0,0,0,0,0
20,3,678,43,38,59,0,0,0,0,0,0,0,0,0,0,0,0
22,4,988,2,7,28,0,0,0,0,0,0,0,3,0,0,0,0
23,3,564,77,237,33,0,0,0,0,0,0,0,0,0,0,0,0
23,4,142,4,22,0,0,0,0,0,0,0,0,0,0,0,0,0
24,3,709,207,194,32,0,0,0,0,0,0,0,0,0,0,0,0
25,4,362,51,52,71,0,0,0,0,0,0,0,0,0,0,0,0
27,3,519,191,73,25,0,0,0,0,0,0,0,0,0,0,0,0
28,3,527,280,153,33,0,0,0,0,0,0,0,0,0,0,0,0
29,3,470,16,162,76,0,0,0,0,0,0,0,0,1,0,0,0
30,1/2,115,0,34,2,0,0,0,0,0,0,0,0,0,0,0,0
30,3,477,80,162,105,0,0,0,0,0,0,0,0,0,0,0,0
31,3,437,97,97,75,0,0,0,0,0,0,0,0,0,0,0,0
32,3,387,0,34,3,0,0,0,0,0,0,0,0,0,0,0,0
32,4,193,0,10,0,0,0,0,0,0,0,0,0,0,0,0,0
33,3,2096,9,42,45,0,0,0,0,111,0,0,0,0,0,0,0
33,4,1682,2,0,15,0,0,0,0,9,0,0,0,0,0,0,0
34,3,1672,1,12,0,1,0,1,2,119,0,0,0,0,0,0,0
34,4,2406,0,0,0,1,0,5,9,6,0,0,0,0,1,6,0
35,3,178,0,42,2,0,0,0,0,0,0,0,0,0,0,0,0
35,4,2574,166,135,40,0,0,0,0,61,0,0,0,0,0,0,0
36,3,167,0,1,0,0,0,0,0,0,0,0,0,0,0,0,0
37,3,812,4,21,12,0,0,0,0,0,0,0,0,0,0,0,0
37,4,420,0,0,12,0,0,0,0,0,0,0,0,0,0,0,0
38,3,770,19,0,79,0,0,0,0,0,0,0,0,0,0,0,0
39,3,362,0,0,8,0,0,0,0,0,0,0,0,0,0,0,0
39,4,248,0,0,0,2,0,0,0,0,0,0,0,0,0,0,0
40,3,274,0,0,0,0,0,1,0,0,0,0,0,0,0,0,0
41,3,999,71,13,158,0,0,0,0,0,0,0,0,0,0,0,0
46,3,442,40,4,101,0,0,0,0,0,0,0,0,0,0,0,0
48,1/2,386,20,0,58,0,0,0,0,0,0,0,0,0,0,0,0
50,1/2,153,1,0,1,0,0,0,0,0,0,0,0,0,0,0,0
50,3,768,0,3,0,0,0,0,0,0,0,0,0,0,0,0,0
53,4,1232,49,64,102,0,0,0,0,0,0,0,0,0,0,0,0
54,3,1533,97,15,329,0,0,0,0,1,0,0,0,0,0,0,1
54,4,740,11,0,8,0,0,0,0,0,0,0,0,0,0,0,0
55,1/2,192,5,4,6,0,0,0,0,0,0,0,0,0,0,0,0
55,3,2144,21,22,87,0,0,2,1,0,0,0,0,0,14,0,0
58,3,255,61,42,165,0,0,0,0,0,0,0,0,0,0,0,0
59,1/2,138,14,1,18,0,0,0,0,0,0,0,0,0,0,0,0
59,3,688,22,12,132,0,0,0,0,0,0,0,0,0,0,0,0
60,3,221,0,13,5,0,0,0,0,0,0,0,0,0,0,0,0
