ccam_num,carcass_age,n_scavengers,common_raven,gull,turkey_vulture,killdeer,savannah_sparrow,song_sparrow,white_crowned_sparrow,european_starling,american_crow,semipalmated_plover,deer_mouse,bonapartes_gull,black_phoebe,western_fence_lizard,mule_deer
5,1/2,16,0.030710172744721688,0,0,0,0,0,0,0,0,0,0,0,0,0,0
5,1/2,1,0,0.0019193857965451055,0,0,0,0,0,0,0,0,0,0,0,0,0
5,1/2,510,0,0,0.9788867562380038,0,0,0,0,0,0,0,0,0,0,0,0
5,3,3,0.005319148936170213,0,0,0,0,0,0,0,0,0,0,0,0,0,0
5,3,132,0,0,0.23404255319148937,0,0,0,0,0,0,0,0,0,0,0,0
5,4,5,0.0015475085112968121,0,0,0,0,0,0,0,0,0,0,0,0,0,0
5,4,1,0,0,0,3.0950170225936243e-4,3.0950170225936243e-4,0,3.0950170225936243e-4,0,0,0,0,0,0,0,0
5,4,2,0,0,0,0,0,6.190034045187249e-4,0,0,0,0,0,0,0,0,0
5,4,280,0,0,0.08666047663262148,0,0,0,0,0,0,0,0,0,0,0,0
6,3,141,0.07721796276013143,0,0,0,0,0,0,0,0,0,0,0,0,0,0
6,3,305,0,0.16703176341730558,0,0,0,0,0,0,0,0,0,0,0,0,0
6,3,320,0,0,0.17524644030668127,0,0,0,0,0,0,0,0,0,0,0,0
6,4,4,0,0,0,0,0,0,0,0.0017346053772766695,0,0,0,0,0,0,0
6,4,403,0.17476149176062447,0,0,0,0,0,0,0,0,0,0,0,0,0,0
6,4,223,0,0.09670424978317432,0,0,0,0,0,0,0,0,0,0,0,0,0
6,4,142,0,0,0.06157849089332177,0,0,0,0,0,0,0,0,0,0,0,0
7,3,2,0,0,0,0,0,0,0,0,0.004694835680751174,0,0,0,0,0,0
7,3,6,0,0,0,0,0,0,0,0.014084507042253521,0,0,0,0,0,0,0
7,3,9,0.02112676056338028,0,0,0,0,0,0,0,0,0,0,0,0,0,0
7,3,27,0,0.06338028169014084,0,0,0,0,0,0,0,0,0,0,0,0,0
7,3,15,0,0,0.035211267605633804,0,0,0,0,0,0,0,0,0,0,0,0
7,4,7,0,0,0,0,0,0,0,0.035175879396984924,0,0,0,0,0,0,0
7,4,11,0.05527638190954774,0,0,0,0,0,0,0,0,0,0,0,0,0,0
7,4,13,0,0.06532663316582915,0,0,0,0,0,0,0,0,0,0,0,0,0
7,4,2,0,0,0.010050251256281407,0,0,0,0,0,0,0,0,0,0,0,0
8,4,17,0,0,0,0,0,0,0,0.00711892797319933,0,0,0,0,0,0,0
8,4,5,0.0020938023450586263,0,0,0,0,0,0,0,0,0,0,0,0,0,0
8,4,2,0,0,0,0,8.375209380234506e-4,0,0,0,0,0,0,0,0,0,0
8,4,3,0,0,0,0,0,0.001256281407035176,0,0,0,0,0,0,0,0,0
8,4,4,0,0,0.0016750418760469012,0,0,0,0,0,0,0,0,0,0,0,0
8,4,6,0,0,0,0,0,0,0.002512562814070352,0,0,0,0,0,0,0,0
9,4,25,0,0,0,0,0,0,0,0.05924170616113744,0,0,0,0,0,0,0
9,4,3,0.0071090047393364926,0,0,0,0,0,0,0,0,0.0071090047393364926,0,0,0,0,0
9,4,2,0,0.004739336492890996,0,0,0,0,0,0,0,0,0,0,0,0,0
9,4,1,0,0,0,0.002369668246445498,0,0.002369668246445498,0.002369668246445498,0,0,0,0,0,0,0,0
11,3,5,0.009652509652509652,0,0,0,0,0,0,0,0,0,0,0,0,0,0
11,3,1,0,0.0019305019305019305,0,0,0,0,0,0,0,0,0,0,0,0,0
11,3,163,0,0,0.31467181467181465,0,0,0,0,0,0,0,0,0,0,0,0
11,4,62,0.051112943116240726,0,0,0,0,0,0,0,0,0,0,0,0,0,0
11,4,1,0,8.244023083264633e-4,0,0,0,0,0,0,0,0,0,0,0,0,0
11,4,145,0,0,0.11953833470733718,0,0,0,0,0,0,0,0,0,0,0,0
12,3,7,0.046052631578947366,0,0,0,0,0,0,0,0,0,0,0,0,0,0
12,3,9,0,0,0.05921052631578947,0,0,0,0,0,0,0,0,0,0,0,0
12,4,25,0,0,0,0,0,0,0,0.06944444444444445,0,0,0,0,0,0,0
12,4,3,0.008333333333333333,0,0,0,0,0,0,0,0,0,0,0,0,0,0
12,4,4,0,0.011111111111111112,0,0,0,0,0,0,0,0,0,0,0,0,0
12,4,19,0,0,0.05277777777777778,0,0,0,0,0,0,0,0,0,0,0,0
14,3,28,0.05063291139240506,0,0,0,0,0,0,0,0,0,0,0,0,0,0
14,3,4,0,0.007233273056057866,0,0,0,0,0,0,0,0,0,0,0,0,0
14,3,163,0,0,0.29475587703435807,0,0,0,0,0,0,0,0,0,0,0,0
20,1/2,13,0.08783783783783784,0,0,0,0,0,0,0,0,0,0,0,0,0,0
20,1/2,33,0,0,0.22297297297297297,0,0,0,0,0,0,0,0,0,0,0,0
20,3,43,0.06342182890855458,0,0,0,0,0,0,0,0,0,0,0,0,0,0
20,3,38,0,0.05604719764011799,0,0,0,0,0,0,0,0,0,0,0,0,0
20,3,59,0,0,0.08702064896755163,0,0,0,0,0,0,0,0,0,0,0,0
22,4,2,0.002178649237472767,0,0,0,0,0,0,0,0,0,0,0,0,0,0
22,4,3,0,0,0,0,0,0,0,0,0,0,0.0032679738562091504,0,0,0,0
22,4,7,0,0.007625272331154684,0,0,0,0,0,0,0,0,0,0,0,0,0
22,4,28,0,0,0.030501089324618737,0,0,0,0,0,0,0,0,0,0,0,0
23,3,77,0.13652482269503546,0,0,0,0,0,0,0,0,0,0,0,0,0,0
23,3,237,0,0.42021276595744683,0,0,0,0,0,0,0,0,0,0,0,0,0
23,3,33,0,0,0.05851063829787234,0,0,0,0,0,0,0,0,0,0,0,0
23,4,4,0.028169014084507043,0,0,0,0,0,0,0,0,0,0,0,0,0,0
23,4,22,0,0.15492957746478872,0,0,0,0,0,0,0,0,0,0,0,0,0
24,3,207,0.2919605077574048,0,0,0,0,0,0,0,0,0,0,0,0,0,0
24,3,194,0,0.2736248236953456,0,0,0,0,0,0,0,0,0,0,0,0,0
24,3,32,0,0,0.045133991537376586,0,0,0,0,0,0,0,0,0,0,0,0
25,4,51,0.1408839779005525,0,0,0,0,0,0,0,0,0,0,0,0,0,0
25,4,52,0,0.143646408839779,0,0,0,0,0,0,0,0,0,0,0,0,0
25,4,71,0,0,0.19613259668508287,0,0,0,0,0,0,0,0,0,0,0,0
27,3,191,0.36801541425818884,0,0,0,0,0,0,0,0,0,0,0,0,0,0
27,3,73,0,0.14065510597302505,0,0,0,0,0,0,0,0,0,0,0,0,0
27,3,25,0,0,0.04816955684007707,0,0,0,0,0,0,0,0,0,0,0,0
28,3,280,0.5313092979127134,0,0,0,0,0,0,0,0,0,0,0,0,0,0
28,3,153,0,0.2903225806451613,0,0,0,0,0,0,0,0,0,0,0,0,0
28,3,33,0,0,0.06261859582542695,0,0,0,0,0,0,0,0,0,0,0,0
29,3,1,0,0,0,0,0,0,0,0,0,0,0,0.002127659574468085,0,0,0
29,3,16,0.03404255319148936,0,0,0,0,0,0,0,0,0,0,0,0,0,0
29,3,162,0,0.3446808510638298,0,0,0,0,0,0,0,0,0,0,0,0,0
29,3,76,0,0,0.16170212765957448,0,0,0,0,0,0,0,0,0,0,0,0
30,1/2,34,0,0.2956521739130435,0,0,0,0,0,0,0,0,0,0,0,0,0
30,1/2,2,0,0,0.017391304347826087,0,0,0,0,0,0,0,0,0,0,0,0
30,3,80,0.16771488469601678,0,0,0,0,0,0,0,0,0,0,0,0,0,0
30,3,162,0,0.33962264150943394,0,0,0,0,0,0,0,0,0,0,0,0,0
30,3,105,0,0,0.22012578616352202,0,0,0,0,0,0,0,0,0,0,0,0
31,3,97,0.2219679633867277,0.2219679633867277,0,0,0,0,0,0,0,0,0,0,0,0,0
31,3,75,0,0,0.17162471395881007,0,0,0,0,0,0,0,0,0,0,0,0
32,3,34,0,0.08785529715762273,0,0,0,0,0,0,0,0,0,0,0,0,0
32,3,3,0,0,0.007751937984496124,0,0,0,0,0,0,0,0,0,0,0,0
32,4,10,0,0.05181347150259067,0,0,0,0,0,0,0,0,0,0,0,0,0
33,3,111,0,0,0,0,0,0,0,0.05295801526717557,0,0,0,0,0,0,0
33,3,9,0.004293893129770993,0,0,0,0,0,0,0,0,0,0,0,0,0,0
33,3,42,0,0.020038167938931296,0,0,0,0,0,0,0,0,0,0,0,0,0
33,3,45,0,0,0.021469465648854963,0,0,0,0,0,0,0,0,0,0,0,0
33,4,9,0,0,0,0,0,0,0,0.00535077288941736,0,0,0,0,0,0,0
33,4,2,0.0011890606420927466,0,0,0,0,0,0,0,0,0,0,0,0,0,0
33,4,15,0,0,0.0089179548156956,0,0,0,0,0,0,0,0,0,0,0,0
34,3,119,0,0,0,0,0,0,0,0.07117224880382775,0,0,0,0,0,0,0
34,3,1,5.980861244019139e-4,0,0,5.980861244019139e-4,0,5.980861244019139e-4,0,0,0,0,0,0,0,0,0
34,3,12,0,0.007177033492822967,0,0,0,0,0,0,0,0,0,0,0,0,0
34,3,2,0,0,0,0,0,0,0.0011961722488038277,0,0,0,0,0,0,0,0
34,4,6,0,0,0,0,0,0,0,0.0024937655860349127,0,0,0,0,0,0.0024937655860349127,0
34,4,1,0,0,0,4.1562759767248546e-4,0,0,0,0,0,0,0,0,4.1562759767248546e-4,0,0
34,4,5,0,0,0,0,0,0.0020781379883624274,0,0,0,0,0,0,0,0,0
34,4,9,0,0,0,0,0,0,0.003740648379052369,0,0,0,0,0,0,0,0
35,3,42,0,0.23595505617977527,0,0,0,0,0,0,0,0,0,0,0,0,0
35,3,2,0,0,0.011235955056179775,0,0,0,0,0,0,0,0,0,0,0,0
35,4,61,0,0,0,0,0,0,0,0.0236985236985237,0,0,0,0,0,0,0
35,4,166,0.0644910644910645,0,0,0,0,0,0,0,0,0,0,0,0,0,0
35,4,135,0,0.05244755244755245,0,0,0,0,0,0,0,0,0,0,0,0,0
35,4,40,0,0,0.01554001554001554,0,0,0,0,0,0,0,0,0,0,0,0
36,3,1,0,0.005988023952095809,0,0,0,0,0,0,0,0,0,0,0,0,0
37,3,4,0.0049261083743842365,0,0,0,0,0,0,0,0,0,0,0,0,0,0
37,3,21,0,0.02586206896551724,0,0,0,0,0,0,0,0,0,0,0,0,0
37,3,12,0,0,0.014778325123152709,0,0,0,0,0,0,0,0,0,0,0,0
37,4,12,0,0,0.02857142857142857,0,0,0,0,0,0,0,0,0,0,0,0
38,3,19,0.024675324675324677,0,0,0,0,0,0,0,0,0,0,0,0,0,0
38,3,79,0,0,0.1025974025974026,0,0,0,0,0,0,0,0,0,0,0,0
39,3,8,0,0,0.022099447513812154,0,0,0,0,0,0,0,0,0,0,0,0
39,4,2,0,0,0,0.008064516129032258,0,0,0,0,0,0,0,0,0,0,0
40,3,1,0,0,0,0,0,0.0036496350364963502,0,0,0,0,0,0,0,0,0
41,3,71,0.07107107107107107,0,0,0,0,0,0,0,0,0,0,0,0,0,0
41,3,13,0,0.013013013013013013,0,0,0,0,0,0,0,0,0,0,0,0,0
41,3,158,0,0,0.15815815815815815,0,0,0,0,0,0,0,0,0,0,0,0
46,3,40,0.09049773755656108,0,0,0,0,0,0,0,0,0,0,0,0,0,0
46,3,4,0,0.00904977375565611,0,0,0,0,0,0,0,0,0,0,0,0,0
46,3,101,0,0,0.22850678733031674,0,0,0,0,0,0,0,0,0,0,0,0
48,1/2,20,0.05181347150259067,0,0,0,0,0,0,0,0,0,0,0,0,0,0
48,1/2,58,0,0,0.15025906735751296,0,0,0,0,0,0,0,0,0,0,0,0
50,1/2,1,0.006535947712418301,0,0.006535947712418301,0,0,0,0,0,0,0,0,0,0,0,0
50,3,3,0,0.00390625,0,0,0,0,0,0,0,0,0,0,0,0,0
53,4,49,0.03977272727272727,0,0,0,0,0,0,0,0,0,0,0,0,0,0
53,4,64,0,0.05194805194805195,0,0,0,0,0,0,0,0,0,0,0,0,0
53,4,102,0,0,0.08279220779220779,0,0,0,0,0,0,0,0,0,0,0,0
54,3,1,0,0,0,0,0,0,0,6.523157208088715e-4,0,0,0,0,0,0,6.523157208088715e-4
54,3,97,0.06327462491846053,0,0,0,0,0,0,0,0,0,0,0,0,0,0
54,3,15,0,0.009784735812133072,0,0,0,0,0,0,0,0,0,0,0,0,0
54,3,329,0,0,0.2146118721461187,0,0,0,0,0,0,0,0,0,0,0,0
54,4,11,0.014864864864864866,0,0,0,0,0,0,0,0,0,0,0,0,0,0
54,4,8,0,0,0.010810810810810811,0,0,0,0,0,0,0,0,0,0,0,0
55,1/2,5,0.026041666666666668,0,0,0,0,0,0,0,0,0,0,0,0,0,0
55,1/2,4,0,0.020833333333333332,0,0,0,0,0,0,0,0,0,0,0,0,0
55,1/2,6,0,0,0.03125,0,0,0,0,0,0,0,0,0,0,0,0
55,3,14,0,0,0,0,0,0,0,0,0,0,0,0,0.0065298507462686565,0,0
55,3,21,0.009794776119402986,0,0,0,0,0,0,0,0,0,0,0,0,0,0
55,3,22,0,0.010261194029850746,0,0,0,0,0,0,0,0,0,0,0,0,0
55,3,2,0,0,0,0,0,9.328358208955224e-4,0,0,0,0,0,0,0,0,0
55,3,87,0,0,0.04057835820895522,0,0,0,0,0,0,0,0,0,0,0,0
55,3,1,0,0,0,0,0,0,4.664179104477612e-4,0,0,0,0,0,0,0,0
58,3,61,0.23921568627450981,0,0,0,0,0,0,0,0,0,0,0,0,0,0
58,3,42,0,0.16470588235294117,0,0,0,0,0,0,0,0,0,0,0,0,0
58,3,165,0,0,0.6470588235294118,0,0,0,0,0,0,0,0,0,0,0,0
59,1/2,14,0.10144927536231885,0,0,0,0,0,0,0,0,0,0,0,0,0,0
59,1/2,1,0,0.007246376811594203,0,0,0,0,0,0,0,0,0,0,0,0,0
59,1/2,18,0,0,0.13043478260869565,0,0,0,0,0,0,0,0,0,0,0,0
59,3,22,0.03197674418604651,0,0,0,0,0,0,0,0,0,0,0,0,0,0
59,3,12,0,0.01744186046511628,0,0,0,0,0,0,0,0,0,0,0,0,0
59,3,132,0,0,0.19186046511627908,0,0,0,0,0,0,0,0,0,0,0,0
60,3,13,0,0.058823529411764705,0,0,0,0,0,0,0,0,0,0,0,0,0
60,3,5,0,0,0.02262443438914027,0,0,0,0,0,0,0,0,0,0,0,0
